R[MAGRATHEA-iron-1000k],M[MAGRATHEA-iron-1000k],R[Reinhardt2022],M[Reinhardt2022],R[b0d0_80kms],M[b0d0_80kms],R[b0d3_80kms],M[b0d3_80kms],R[b0d5_80kms],M[b0d5_80kms],R[b0d7_80kms],M[b0d7_80kms],R[b0d3_160kms],M[b0d3_160kms],R[b0d5_160kms],M[b0d5_160kms],R[b0d7_160kms],M[b0d7_160kms]
0.01,0.186964,0.01,0.193419,0.01,0.193192,0.9493169730583911,0.767019,0.16727891003874681,0.459236,0.02393963095526741,0.248838,7.594535784467129,1.31293,1.3382312803099745,0.840756,0.19151704764213928,0.478635
0.0400401,0.292861,0.04756892230576441,0.321963,0.04756892230576441,0.320361,1.019923420429957,0.789488,0.2418151969229742,0.523536,0.09919621572433641,0.421609,7.6317491724848825,1.31572,1.4068833844290198,0.854951,0.2659315348399175,0.538205
0.0700802,0.349743,0.08513784461152882,0.388899,0.08513784461152882,0.385567,1.090529867801523,0.810953,0.3163514838072016,0.576415,0.17445280049340542,0.517935,7.668962560502635,1.31841,1.4755354885480652,0.868782,0.34034602203769565,0.588091
0.10012,0.391064,0.12270676691729322,0.437822,0.12270676691729322,0.432621,1.1611363151730887,0.831486,0.390887770691429,0.621876,0.24970938526247444,0.588759,7.7061759485203885,1.3211,1.5441875926671105,0.882228,0.4147605092354738,0.631474
0.13016,0.424191,0.16027568922305765,0.477454,0.16027568922305765,0.470289,1.2317427625446546,0.851137,0.4654240575756564,0.66206,0.3249659700315434,0.645872,7.743389336538142,1.32378,1.612839696786156,0.895308,0.489174996433252,0.670125
0.1602,0.452141,0.19784461152882207,0.511263,0.19784461152882207,0.502096,1.3023492099162204,0.869998,0.5399603444598838,0.698237,0.4002225548006124,0.694238,7.780602724555894,1.32645,1.6814918009052011,0.908037,0.5635894836310302,0.705091
0.19024,0.476477,0.23541353383458646,0.541024,0.23541353383458646,0.529843,1.3729556572877863,0.888167,0.6144966313441113,0.731235,0.47547913956968146,0.736417,7.817816112573648,1.32912,1.7501439050242467,0.920476,0.6380039708288083,0.737114
0.220281,0.498126,0.2729824561403509,0.567762,0.2729824561403509,0.554585,1.4435621046593523,0.905624,0.6890329182283387,0.76164,0.5507357243387504,0.773979,7.855029500591401,1.33169,1.818796009143292,0.932638,0.7124184580265865,0.766706
0.250321,0.517686,0.3105513784461153,0.592154,0.3105513784461153,0.576982,1.514168552030918,0.922427,0.7635692051125661,0.78987,0.6259923091078194,0.807933,7.892242888609154,1.33435,1.8874481132623373,0.944491,0.7868329452243648,0.794251
0.280361,0.535569,0.3481203007518797,0.614644,0.3481203007518797,0.59754,1.584774999402484,0.938711,0.8381054919967935,0.816242,0.7012488938768885,0.839005,7.929456276626907,1.337,1.9561002173813826,0.95609,0.861247432422143,0.820043
0.310401,0.552074,0.38568922305764414,0.635595,0.38568922305764414,0.616574,1.65538144677405,0.954415,0.9126417788810209,0.841048,0.7765054786459574,0.867673,7.966669664644661,1.33955,2.024752321500428,0.9674,0.9356619196199212,0.844332
0.340441,0.56742,0.42325814536340856,0.6552,0.42325814536340856,0.634309,1.7259878941456157,0.969634,0.9871780657652484,0.864432,0.8517620634150265,0.894323,8.003883052662413,1.34219,2.0934044256194735,0.978476,1.0100764068176993,0.867309
0.370481,0.581778,0.4608270676691729,0.673705,0.4608270676691729,0.650981,1.7965943415171817,0.984342,1.0617143526494757,0.886597,0.9270186481840955,0.91925,8.041096440680166,1.34473,2.1620565297385186,0.989327,1.0844908940154774,0.889079
0.400521,0.595282,0.49839598997493734,0.691207,0.49839598997493734,0.666691,1.8672007888887476,0.998673,1.136250639533703,0.907701,1.0022752329531643,0.942624,8.07830982869792,1.34735,2.230708633857564,0.999961,1.1589053812132557,0.909822
0.430561,0.608039,0.5359649122807018,0.707841,0.5359649122807018,0.681609,1.9378072362603134,1.01256,1.2107869264179305,0.927791,1.0775318177222335,0.964676,8.115523216715673,1.34988,2.2993607379766097,1.01039,1.2333198684110338,0.929612
0.460601,0.620137,0.5735338345864662,0.723722,0.5735338345864662,0.695781,2.008413683631879,1.02605,1.285323213302158,0.946996,1.1527884024913027,0.98558,8.152736604733425,1.3524,2.3680128420956548,1.02061,1.3077343556088121,0.948543
0.490641,0.631648,0.6111027568922306,0.738902,0.6111027568922306,0.70934,2.0790201310034453,1.03916,1.3598595001863854,0.965405,1.2280449872603714,1.00546,8.18994999275118,1.35492,2.4366649462147,1.03064,1.3821488428065902,0.9667
0.520681,0.642632,0.648671679197995,0.753494,0.648671679197995,0.722299,2.149626578375011,1.05196,1.4343957870706128,0.98306,1.3033015720294405,1.02441,8.227163380768932,1.35743,2.5053170503337454,1.04047,1.4565633300043683,0.984098
0.550721,0.653142,0.6862406015037594,0.767501,0.6862406015037594,0.734742,2.2202330257465768,1.06436,1.5089320739548402,1.00002,1.3785581567985097,1.04253,8.264376768786684,1.35993,2.573969154452791,1.05012,1.5309778172021467,1.00084
0.580762,0.66322,0.7238095238095238,0.780992,0.7238095238095238,0.746717,2.290839473118143,1.07645,1.5834683608390676,1.01635,1.4538147415675784,1.05987,8.301590156804439,1.36243,2.642621258571836,1.0596,1.6053923043999248,1.01697
0.610802,0.672906,0.7613784461152883,0.794008,0.7613784461152883,0.758266,2.3614459204897087,1.08824,1.658004647723295,1.0321,1.5290713263366476,1.07652,8.338803544822191,1.36492,2.711273362690881,1.06894,1.679806791597703,1.03254
0.640842,0.68223,0.7989473684210526,0.806608,0.7989473684210526,0.769426,2.4320523678612744,1.09976,1.7325409346075225,1.04732,1.6043279111057167,1.09256,8.376016932839944,1.3674,2.779925466809927,1.07807,1.7542212787954812,1.04761
0.670882,0.691223,0.8365162907268171,0.818796,0.8365162907268171,0.780227,2.5026588152328406,1.11103,1.8070772214917499,1.06206,1.6795844958747854,1.10799,8.413230320857698,1.36988,2.8485775709289722,1.08708,1.8286357659932593,1.06218
0.700922,0.69991,0.8740852130325815,0.830597,0.8740852130325815,0.790697,2.5732652626044064,1.12202,1.8816135083759773,1.0763,1.7548410806438546,1.12289,8.45044370887545,1.37235,2.9172296750480173,1.09593,1.9030502531910376,1.07631
0.730962,0.708313,0.9116541353383458,0.842091,0.9116541353383458,0.80083,2.643871709975972,1.13281,1.9561497952602045,1.09015,1.8300976654129237,1.13729,8.487657096893203,1.37473,2.985881779167063,1.10463,1.9774647403888157,1.09001
0.761002,0.716451,0.9492230576441103,0.853241,0.9492230576441103,0.81071,2.7144781573475383,1.14332,2.030686082144432,1.10358,1.9053542501819924,1.15125,8.524870484910958,1.37719,3.0545338832861084,1.11316,2.0518792275865936,1.1033
0.791042,0.724343,0.9867919799498747,0.864065,0.9867919799498747,0.820326,2.785084604719104,1.15361,2.105222369028659,1.11665,1.9806108349510616,1.16476,8.56208387292871,1.37965,3.1231859874051535,1.1216,2.126293714784372,1.11623
0.821082,0.732005,1.024360902255639,0.874639,1.024360902255639,0.829661,2.8556910520906698,1.16372,2.1797586559128868,1.12933,2.0558674197201308,1.17784,8.599297260946463,1.38201,3.1918380915241986,1.12989,2.2007082019821502,1.12883
0.851122,0.739451,1.0619298245614035,0.884918,1.0619298245614035,0.838798,2.926297499462236,1.17361,2.254294942797114,1.14172,2.1311240044891995,1.19056,8.636510648964217,1.38436,3.2604901956432446,1.13808,2.2751226891799283,1.1411
0.881162,0.746695,1.099498746867168,0.894944,1.099498746867168,0.847684,2.9969039468338017,1.18334,2.3288312296813416,1.15375,2.2063805892582686,1.20292,8.67372403698197,1.38678,3.3291422997622897,1.1461,2.3495371763777064,1.15302
0.911202,0.753747,1.1370676691729324,0.904762,1.1370676691729324,0.8564,3.0675103942053674,1.19281,2.403367516565569,1.16548,2.281637174027338,1.21495,8.710937424999722,1.38911,3.397794403881335,1.15399,2.423951663575485,1.16467
0.941242,0.760619,1.1746365914786967,0.914321,1.1746365914786967,0.864888,3.1381168415769336,1.20217,2.4779038034497964,1.17695,2.3568937587964065,1.22663,8.748150813017476,1.39144,3.46644650800038,1.16178,2.498366150773263,1.17604
0.971283,0.767321,1.2122055137844612,0.923692,1.2122055137844612,0.873194,3.2087232889484993,1.21133,2.5524400903340236,1.18813,2.4321503435654757,1.23804,8.785364201035229,1.39384,3.535098612119426,1.16944,2.572780637971041,1.18716
1.00132,0.773862,1.2497744360902256,0.932823,1.2497744360902256,0.881328,3.279329736320065,1.22033,2.626976377218251,1.19907,2.507406928334545,1.24917,8.822577589052981,1.39615,3.603750716238471,1.17702,2.6471951251688193,1.19801
1.03136,0.78025,1.28734335839599,0.941785,1.28734335839599,0.889334,3.3499361836916313,1.22918,2.7015126641024785,1.20975,2.5826635131036135,1.26001,8.859790977070736,1.39846,3.672402820357516,1.18447,2.7216096123665974,1.20859
1.0614,0.786493,1.3249122807017544,0.950554,1.3249122807017544,0.897149,3.420542631063197,1.23785,2.7760489509867057,1.2202,2.6579200978726827,1.27062,8.897004365088488,1.40076,3.741054924476562,1.19179,2.796024099564376,1.21896
1.09144,0.792597,1.3624812030075188,0.959138,1.3624812030075188,0.904817,3.4911490784347627,1.24641,2.8505852378709333,1.23041,2.733176682641752,1.28095,8.93421775310624,1.40306,3.809707028595607,1.19904,2.870438586762154,1.22911
1.12148,0.798571,1.4000501253132833,0.967576,1.4000501253132833,0.912345,3.561755525806329,1.25479,2.9251215247551605,1.24044,2.8084332674108206,1.2911,8.971431141123995,1.40535,3.8783591327146523,1.20622,2.944853073959932,1.23906
1.15152,0.804418,1.4376190476190476,0.975842,1.4376190476190476,0.919739,3.6323619731778947,1.26304,2.999657811639388,1.25024,2.8836898521798897,1.30098,9.008644529141748,1.40763,3.9470112368336974,1.21327,3.0192675611577102,1.24882
1.18156,0.810146,1.475187969924812,0.983924,1.475187969924812,0.926967,3.7029684205494604,1.27115,3.0741940985236154,1.25984,2.958946436948959,1.31067,9.0458579171595,1.40983,4.015663340952743,1.22025,3.0936820483554883,1.25835
1.2116,0.81576,1.5127568922305765,0.991869,1.5127568922305765,0.934111,3.773574867921026,1.27917,3.148730385407843,1.26926,3.0342030217180276,1.32017,9.083071305177254,1.4121,4.0843154450717885,1.22712,3.168096535553267,1.26773
1.24164,0.821264,1.5503258145363408,0.999657,1.5503258145363408,0.941139,3.8441813152925923,1.28702,3.22326667229207,1.27849,3.1094596064870967,1.32943,9.120284693195007,1.41437,4.1529675491908336,1.23392,3.242511022751045,1.27689
1.27168,0.826662,1.5878947368421052,1.00729,1.5878947368421052,0.948054,3.914787762664158,1.29478,3.297802959176298,1.28758,3.184716191256166,1.33856,9.15749808121276,1.41663,4.2216196533098795,1.24061,3.316925509948823,1.28592
1.30172,0.83196,1.6254636591478697,1.01482,1.6254636591478697,0.954824,3.985394210035724,1.30242,3.372339246060525,1.29647,3.2599727760252346,1.34748,9.194711469230514,1.4188,4.290271757428925,1.24723,3.391339997146601,1.29473
1.33176,0.837162,1.6630325814536342,1.02219,1.6630325814536342,0.96153,4.0560006574072895,1.30994,3.4468755329447527,1.30522,3.3352293607943038,1.35625,9.231924857248266,1.42106,4.35892386154797,1.25374,3.4657544843443793,1.30342
1.3618,0.84227,1.7006015037593984,1.02947,1.7006015037593984,0.968097,4.126607104778856,1.31734,3.52141181982898,1.31378,3.410485945563373,1.36484,9.269138245266019,1.42322,4.427575965667015,1.26025,3.5401689715421574,1.31195
1.39184,0.847289,1.738170426065163,1.03664,1.738170426065163,0.974609,4.197213552150421,1.32461,3.5959481067132075,1.32221,3.4857425303324416,1.37328,9.306351633283773,1.42546,4.496228069786061,1.26659,3.614583458739936,1.32037
1.42188,0.852222,1.7757393483709274,1.04364,1.7757393483709274,0.98099,4.267819999521987,1.33182,3.6704843935974347,1.33053,3.560999115101511,1.38154,9.343565021301526,1.42761,4.564880173905106,1.27293,3.688997945937714,1.32859
1.45192,0.857072,1.8133082706766916,1.05059,1.8133082706766916,0.987283,4.338426446893553,1.33891,3.745020680481662,1.33865,3.63625569987058,1.38971,9.380778409319278,1.42984,4.633532278024151,1.27917,3.763412433135492,1.3367
1.48196,0.861842,1.8508771929824561,1.05741,1.8508771929824561,0.99353,4.409032894265119,1.34593,3.8195569673658896,1.34667,3.7115122846396487,1.39771,9.417991797337033,1.43198,4.702184382143197,1.28529,3.83782692033327,1.3447
1.512,0.866535,1.8884461152882206,1.0641,1.8884461152882206,0.999656,4.479639341636685,1.35284,3.8940932542501168,1.35455,3.786768869408718,1.40555,9.455205185354785,1.43412,4.770836486262242,1.29142,3.9122414075310483,1.35252
1.54204,0.871154,1.926015037593985,1.07075,1.926015037593985,1.0057,4.550245789008251,1.35964,3.9686295411343444,1.36232,3.8620254541777865,1.4133,9.492418573372538,1.43625,4.839488590381287,1.29745,3.986655894728827,1.36024
1.57208,0.875701,1.9635839598997493,1.07724,1.9635839598997493,1.01167,4.620852236379816,1.36633,4.043165828018572,1.36996,3.9372820389468557,1.4209,9.52963196139029,1.43846,4.908140694500332,1.30343,4.061070381926605,1.36787
1.60212,0.880178,2.001152882205514,1.08369,2.001152882205514,1.01757,4.6914586837513825,1.37296,4.1177021149028,1.3775,4.012538623715924,1.42839,9.566845349408045,1.44059,4.976792798619378,1.3093,4.135484869124383,1.37536
1.63216,0.884588,2.038721804511278,1.09002,2.038721804511278,1.02339,4.762065131122949,1.37953,4.192238401787027,1.3849,4.087795208484994,1.43573,9.604058737425797,1.4427,5.045444902738423,1.31513,4.209899356322161,1.38271
1.6622,0.888934,2.0762907268170423,1.09624,2.0762907268170423,1.02915,4.832671578494514,1.38599,4.266774688671254,1.39218,4.163051793254063,1.443,9.64127212544355,1.44482,5.1140970068574685,1.32091,4.284313843519939,1.38998
1.69224,0.893216,2.1138596491228068,1.10243,2.1138596491228068,1.03483,4.90327802586608,1.39235,4.341310975555482,1.39941,4.238308378023131,1.45014,9.678485513461304,1.44692,5.1827491109765145,1.32659,4.358728330717717,1.39713
1.72228,0.897436,2.1514285714285712,1.10851,2.1514285714285712,1.04046,4.9738844732376455,1.39866,4.415847262439709,1.40647,4.3135649627922,1.45717,9.715698901479056,1.44903,5.25140121509556,1.33223,4.4331428179154955,1.40419
1.75232,0.901598,2.1889974937343357,1.11449,2.1889974937343357,1.04602,5.044490920609212,1.40491,4.490383549323937,1.41345,4.388821547561269,1.4641,9.752912289496809,1.45113,5.320053319214605,1.33783,4.507557305113274,1.41112
1.78236,0.905702,2.2265664160401,1.12043,2.2265664160401,1.05151,5.115097367980778,1.41106,4.564919836208164,1.42035,4.4640781323303385,1.4709,9.790125677514563,1.45314,5.388705423333651,1.34338,4.581971792311053,1.41798
1.8124,0.909751,2.2641353383458647,1.12627,2.2641353383458647,1.05691,5.185703815352343,1.41711,4.639456123092391,1.42713,4.539334717099408,1.47766,9.827339065532316,1.45523,5.457357527452696,1.34883,4.656386279508831,1.42476
1.84244,0.913745,2.3017042606516287,1.13202,2.3017042606516287,1.06229,5.256310262723909,1.42311,4.713992409976619,1.43384,4.614591301868477,1.48428,9.864552453550068,1.45731,5.526009631571741,1.35425,4.730800766706609,1.43142
1.87248,0.917687,2.339273182957393,1.13774,2.339273182957393,1.06756,5.3269167100954755,1.42906,4.788528696860847,1.44047,4.689847886637545,1.49081,9.901765841567823,1.45939,5.594661735690786,1.35963,4.805215253904387,1.43802
1.90253,0.921577,2.3768421052631576,1.14336,2.3768421052631576,1.07282,5.397523157467041,1.43491,4.8630649837450735,1.44698,4.765104471406614,1.49727,9.938979229585575,1.46139,5.663313839809832,1.36491,4.879629741102165,1.44449
1.93257,0.925418,2.414411027568922,1.14892,2.414411027568922,1.07798,5.468129604838607,1.44071,4.937601270629301,1.45339,4.840361056175683,1.50364,9.976192617603328,1.46346,5.731965943928877,1.37021,4.954044228299943,1.4509
1.96261,0.929211,2.4519799498746866,1.15443,2.4519799498746866,1.08313,5.538736052210173,1.44647,5.012137557513529,1.45977,4.9156176409447525,1.50989,10.013406005621082,1.46552,5.800618048047922,1.37542,5.028458715497721,1.45725
1.99265,0.932956,2.489548872180451,1.15984,2.489548872180451,1.08818,5.6093424995817385,1.45214,5.0866738443977555,1.46604,4.990874225713822,1.51611,10.050619393638835,1.4675,5.869270152166968,1.38059,5.102873202695499,1.46348
2.02269,0.936655,2.5271177944862155,1.16521,2.5271177944862155,1.09323,5.679948946953305,1.45776,5.161210131281983,1.4722,5.06613081048289,1.5222,10.087832781656587,1.46956,5.937922256286013,1.38566,5.177287689893277,1.46965
2.05273,0.94031,2.5646867167919796,1.17051,2.5646867167919796,1.09819,5.750555394324871,1.46328,5.235746418166211,1.47834,5.141387395251959,1.52823,10.125046169674341,1.47153,6.006574360405058,1.39071,5.2517021770910555,1.47576
2.08277,0.943921,2.602255639097744,1.17577,2.602255639097744,1.1031,5.821161841696436,1.46877,5.310282705050438,1.48438,5.216643980021028,1.53419,10.162259557692094,1.47358,6.075226464524103,1.39577,5.326116664288834,1.48176
2.11281,0.947491,2.6398245614035085,1.18094,2.6398245614035085,1.10797,5.891768289068002,1.47421,5.384818991934665,1.49036,5.291900564790097,1.54007,10.199472945709847,1.47555,6.143878568643149,1.40075,5.400531151486613,1.4877
2.14285,0.951018,2.677393483709273,1.18606,2.677393483709273,1.11279,5.9623747364395685,1.47956,5.459355278818893,1.49623,5.367157149559167,1.54589,10.2366863337276,1.47751,6.2125306727621945,1.40563,5.474945638684391,1.49359
2.17289,0.954506,2.7149624060150375,1.19113,2.7149624060150375,1.11756,6.032981183811134,1.48492,5.5338915657031205,1.50205,5.442413734328236,1.55164,10.273899721745353,1.47954,6.28118277688124,1.41054,5.549360125882169,1.49937
2.20293,0.957954,2.752531328320802,1.19616,2.752531328320802,1.1223,6.1035876311827,1.49015,5.608427852587348,1.50781,5.517670319097304,1.55733,10.311113109763106,1.48149,6.349834881000286,1.41536,5.623774613079947,1.5051
2.23297,0.961363,2.7901002506265664,1.20114,2.7901002506265664,1.12699,6.174194078554266,1.49538,5.682964139471575,1.51351,5.592926903866373,1.56291,10.34832649778086,1.48344,6.418486985119331,1.42015,5.698189100277725,1.51077
2.26301,0.964735,2.8276691729323304,1.20604,2.8276691729323304,1.13165,6.2448005259258315,1.50052,5.7575004263558025,1.51916,5.668183488635442,1.56847,10.385539885798613,1.48538,6.487139089238376,1.42491,5.772603587475503,1.51639
2.29305,0.96807,2.865238095238095,1.21089,2.865238095238095,1.13626,6.315406973297398,1.50563,5.83203671324003,1.52472,5.7434400734045115,1.57393,10.422753273816365,1.48732,6.555791193357421,1.42964,5.847018074673281,1.52192
2.32309,0.97137,2.9028070175438594,1.2157,2.9028070175438594,1.14084,6.386013420668964,1.5107,5.906573000124258,1.53022,5.818696658173581,1.57933,10.45996666183412,1.48934,6.624443297476467,1.43428,5.921432561871059,1.52744
2.35313,0.974634,2.940375939849624,1.22047,2.940375939849624,1.14538,6.456619868040529,1.51569,5.9811092870084845,1.53563,5.89395324294265,1.58467,10.497180049851872,1.49127,6.693095401595512,1.43889,5.995847049068837,1.53281
2.38317,0.977865,2.9779448621553883,1.2252,2.9779448621553883,1.14988,6.527226315412095,1.52064,6.055645573892712,1.54103,5.969209827711718,1.58996,10.534393437869625,1.49319,6.761747505714557,1.44347,6.0702615362666155,1.53819
2.41321,0.981062,3.015513784461153,1.22985,3.015513784461153,1.1543,6.597832762783661,1.52555,6.13018186077694,1.54634,6.044466412480787,1.59519,10.571606825887379,1.49512,6.830399609833602,1.44802,6.1446760234643945,1.54352
2.44325,0.984226,3.0530827067669173,1.23446,3.0530827067669173,1.15873,6.668439210155227,1.53038,6.204718147661167,1.5516,6.119722997249856,1.60037,10.608820213905132,1.49704,6.899051713952648,1.45255,6.2190905106621726,1.54875
2.47329,0.987358,3.0906516290726813,1.23907,3.0906516290726813,1.16308,6.739045657526793,1.53523,6.279254434545394,1.55682,6.1949795820189255,1.60549,10.646033601922884,1.49887,6.967703818071693,1.45705,6.293504997859951,1.55394
2.50333,0.990459,3.128220551378446,1.24361,3.128220551378446,1.16744,6.809652104898358,1.53999,6.353790721429622,1.56199,6.270236166787995,1.61056,10.683246989940638,1.50078,7.036355922190738,1.46146,6.367919485057729,1.55909
2.53337,0.993529,3.1657894736842103,1.24807,3.1657894736842103,1.17177,6.880258552269924,1.54472,6.4283270083138495,1.56707,6.345492751557064,1.61554,10.720460377958391,1.50269,7.105008026309784,1.46585,6.442333972255507,1.56419
2.56341,0.996569,3.2033583959899747,1.25253,3.2033583959899747,1.17602,6.950864999641491,1.54937,6.502863295198076,1.57211,6.420749336326132,1.62052,10.757673765976143,1.50459,7.173660130428829,1.47021,6.516748459453285,1.5692
2.59345,0.99958,3.240927318295739,1.25692,3.240927318295739,1.18023,7.021471447013056,1.55404,6.577399582082304,1.5771,6.496005921095201,1.6254,10.794887153993898,1.50649,7.2423122345478745,1.47455,6.591162946651063,1.57417
2.62349,1.00256,3.2784962406015037,1.26131,3.2784962406015037,1.18447,7.092077894384622,1.55862,6.6519358689665316,1.58205,6.57126250586427,1.63027,10.83210054201165,1.50831,7.31096433866692,1.47885,6.665577433848841,1.57909
2.65353,1.00552,3.316065162907268,1.26563,3.316065162907268,1.18862,7.162684341756188,1.56318,6.726472155850759,1.58697,6.64651909063334,1.63506,10.869313930029403,1.5102,7.379616442785966,1.48308,6.739991921046619,1.58398
2.68357,1.00844,3.353634085213032,1.26991,3.353634085213032,1.19275,7.233290789127754,1.56771,6.801008442734986,1.59184,6.721775675402409,1.63985,10.906527318047157,1.51209,7.448268546905011,1.48734,6.814406408244397,1.58883
2.71361,1.01134,3.3912030075187967,1.27417,3.3912030075187967,1.19689,7.30389723649932,1.57215,6.875544729619214,1.59662,6.797032260171478,1.64454,10.94374070606491,1.51389,7.516920651024056,1.49152,6.8888208954421755,1.59364
2.74365,1.01421,3.428771929824561,1.27839,3.428771929824561,1.20096,7.374503683870886,1.57662,6.950081016503441,1.60137,6.872288844940546,1.64919,10.980954094082662,1.51577,7.585572755143102,1.49567,6.9632353826399545,1.59836
2.77369,1.01706,3.4663408521303256,1.28253,3.4663408521303256,1.205,7.445110131242451,1.58101,7.024617303387669,1.60607,6.947545429709615,1.6538,11.018167482100417,1.51757,7.654224859262147,1.4998,7.0376498698377326,1.60304
2.80373,1.01988,3.50390977443609,1.28669,3.50390977443609,1.20901,7.515716578614017,1.58537,7.099153590271896,1.61074,7.0228020144786845,1.65837,11.055380870118169,1.51945,7.722876963381192,1.50391,7.112064357035511,1.60769
2.83377,1.02268,3.5414786967418546,1.29078,3.5414786967418546,1.21299,7.586323025985584,1.5897,7.173689877156123,1.61538,7.098058599247754,1.6629,11.092594258135922,1.52124,7.791529067500237,1.508,7.186478844233289,1.6123
2.86381,1.02545,3.579047619047619,1.29484,3.579047619047619,1.21695,7.656929473357149,1.59395,7.248226164040351,1.61997,7.173315184016823,1.66738,11.129807646153676,1.5231,7.860181171619283,1.512,7.260893331431067,1.61688
2.89385,1.02819,3.616616541353383,1.29886,3.616616541353383,1.22088,7.727535920728715,1.59823,7.322762450924578,1.62449,7.248571768785892,1.67183,11.167021034171428,1.52489,7.928833275738328,1.51604,7.335307818628845,1.62142
2.92389,1.03092,3.6541854636591475,1.30286,3.6541854636591475,1.22479,7.798142368100281,1.60243,7.397298737808805,1.62897,7.32382835355496,1.67623,11.204234422189181,1.52675,7.997485379857373,1.52,7.409722305826623,1.62587
2.95393,1.03362,3.691754385964912,1.30683,3.691754385964912,1.22867,7.868748815471847,1.6066,7.471835024693033,1.63341,7.399084938324029,1.6806,11.241447810206935,1.52852,8.06613748397642,1.52394,7.484136793024401,1.63035
2.98397,1.03629,3.7293233082706765,1.31077,3.7293233082706765,1.23248,7.939355262843413,1.61075,7.546371311577261,1.63787,7.4743415230930985,1.68493,11.278661198224688,1.5303,8.134789588095463,1.52785,7.558551280222179,1.63474
3.01401,1.03895,3.766892230576441,1.31469,3.766892230576441,1.23631,8.009961710214979,1.61487,7.620907598461487,1.6422,7.549598107862168,1.68917,11.31587458624244,1.53214,8.20344169221451,1.53175,7.632965767419957,1.63909
3.04405,1.04158,3.8044611528822054,1.31854,3.8044611528822054,1.24011,8.080568157586544,1.61892,7.695443885345715,1.64655,7.624854692631237,1.69343,11.353087974260195,1.53391,8.272093796333554,1.53562,7.7073802546177355,1.64342
3.07409,1.04419,3.84203007518797,1.3224,3.84203007518797,1.2439,8.151174604958111,1.62299,7.769980172229943,1.65086,7.700111277400305,1.69765,11.390301362277947,1.53567,8.3407459004526,1.53942,7.7817947418155144,1.64771
3.10413,1.04678,3.8795989974937344,1.32619,3.8795989974937344,1.24761,8.221781052329677,1.62699,7.84451645911417,1.65509,7.775367862169374,1.70179,11.4275147502957,1.53743,8.409398004571646,1.54325,7.8562092290132925,1.65193
3.13417,1.04935,3.9171679197994984,1.32996,3.9171679197994984,1.25135,8.292387499701242,1.63097,7.919052745998397,1.65934,7.850624446938443,1.70594,11.464728138313454,1.53919,8.47805010869069,1.54701,7.930623716211071,1.65616
3.16421,1.0519,3.954736842105263,1.3337,3.954736842105263,1.25501,8.362993947072809,1.63492,7.993589032882625,1.66352,7.925881031707513,1.71001,11.501941526331207,1.54102,8.546702212809736,1.5508,8.005038203408848,1.66031
3.19425,1.05442,3.9923057644110274,1.33742,3.9923057644110274,1.2587,8.433600394444374,1.63884,8.068125319766851,1.66766,8.001137616476582,1.71409,11.53915491434896,1.54277,8.615354316928782,1.55452,8.079452690606626,1.66448
3.22429,1.05693,4.029874686716791,1.34112,4.029874686716791,1.26233,8.50420684181594,1.64275,8.14266160665108,1.67177,8.07639420124565,1.71809,11.576368302366713,1.54452,8.684006421047826,1.55822,8.153867177804404,1.66858
3.25433,1.05942,4.067443609022556,1.34479,4.067443609022556,1.26597,8.574813289187507,1.64658,8.217197893535307,1.67585,8.15165078601472,1.72211,11.613581690384466,1.54626,8.752658525166872,1.5619,8.228281665002182,1.67264
3.28437,1.06189,4.10501253132832,1.34843,4.10501253132832,1.26955,8.645419736559072,1.65044,8.291734180419533,1.67991,8.226907370783788,1.72605,11.650795078402219,1.548,8.821310629285918,1.56556,8.30269615219996,1.67668
3.31441,1.06434,4.142581453634085,1.35202,4.142581453634085,1.27316,8.716026183930637,1.65422,8.36627046730376,1.68393,8.302163955552858,1.72995,11.688008466419973,1.54973,8.889962733404962,1.56914,8.377110639397738,1.68068
3.34445,1.06677,4.180150375939849,1.35562,4.180150375939849,1.2767,8.786632631302204,1.65799,8.440806754187989,1.68793,8.377420540321927,1.73388,11.725221854437725,1.55147,8.958614837524008,1.57277,8.451525126595516,1.68467
3.37449,1.06918,4.217719298245614,1.35915,4.217719298245614,1.28022,8.85723907867377,1.66173,8.515343041072216,1.69185,8.452677125090995,1.73772,11.762435242455478,1.55312,9.027266941643054,1.57631,8.525939613793295,1.68862
3.40453,1.07158,4.255288220551378,1.36271,4.255288220551378,1.28372,8.927845526045335,1.66545,8.589879327956442,1.6958,8.527933709860065,1.74154,11.799648630473232,1.55485,9.095919045762098,1.5799,8.600354100991073,1.6925
3.43457,1.07395,4.292857142857143,1.3662,4.292857142857143,1.28724,8.9984519734169,1.66915,8.66441561484067,1.69967,8.603190294629133,1.74532,11.836862018490985,1.55657,9.164571149881144,1.58341,8.67476858818885,1.6964
3.46461,1.07631,4.330426065162907,1.36967,4.330426065162907,1.2907,9.069058420788467,1.67283,8.738951901724898,1.70351,8.678446879398203,1.74908,11.874075406508737,1.55829,9.233223254000189,1.58691,8.749183075386629,1.70022
3.49465,1.07865,4.367994987468672,1.37312,4.367994987468672,1.29414,9.139664868160033,1.67644,8.813488188609126,1.70732,8.753703464167272,1.75286,11.911288794526492,1.56001,9.301875358119235,1.59039,8.823597562584407,1.70407
3.52469,1.08098,4.405563909774436,1.37654,4.405563909774436,1.29756,9.210271315531598,1.68008,8.888024475493353,1.71117,8.82896004893634,1.75656,11.948502182544244,1.56164,9.37052746223828,1.59385,8.898012049782185,1.70785
3.55473,1.08329,4.443132832080201,1.37995,4.443132832080201,1.30097,9.280877762903165,1.68365,8.96256076237758,1.71493,8.90421663370541,1.76023,11.985715570561997,1.56335,9.439179566357327,1.59729,8.972426536979967,1.7116
3.58477,1.08558,4.480701754385965,1.38334,4.480701754385965,1.30435,9.35148421027473,1.68719,9.037097049261808,1.71862,8.979473218474478,1.76388,12.022928958579751,1.56506,9.50783167047637,1.60072,9.046841024177745,1.71532
3.61481,1.08785,4.5182706766917295,1.3867,4.5182706766917295,1.30772,9.422090657646295,1.69078,9.111633336146035,1.72234,9.054729803243548,1.76749,12.060142346597504,1.56669,9.576483774595417,1.60407,9.121255511375523,1.71902
3.64485,1.09011,4.555839598997493,1.39005,4.555839598997493,1.31107,9.492697105017863,1.69429,9.186169623030262,1.72603,9.129986388012616,1.77109,12.097355734615256,1.56839,9.645135878714463,1.60747,9.195669998573301,1.7227
3.67489,1.09236,4.593408521303258,1.39333,4.593408521303258,1.3144,9.563303552389428,1.69772,9.26070590991449,1.7297,9.205242972781686,1.77465,12.13456912263301,1.57009,9.713787982833507,1.61084,9.27008448577108,1.72636
3.70493,1.09459,4.630977443609022,1.39664,4.630977443609022,1.31771,9.633909999760993,1.7012,9.335242196798717,1.7333,9.280499557550755,1.77819,12.171782510650763,1.57171,9.782440086952553,1.61415,9.344498972968857,1.72994
3.73497,1.0968,4.6685463659147866,1.39988,4.6685463659147866,1.32096,9.70451644713256,1.70465,9.409778483682945,1.73692,9.355756142319823,1.78171,12.208995898668515,1.5734,9.851092191071597,1.61744,9.418913460166635,1.73354
3.76501,1.099,4.706115288220551,1.40316,4.706115288220551,1.32424,9.775122894504126,1.70803,9.484314770567172,1.74047,9.431012727088893,1.78515,12.24620928668627,1.57501,9.919744295190643,1.62071,9.493327947364413,1.73713
3.79505,1.10118,4.7436842105263155,1.40636,4.7436842105263155,1.32751,9.84572934187569,1.71145,9.558851057451399,1.74405,9.506269311857961,1.78861,12.283422674704022,1.5767,9.98839639930969,1.62403,9.567742434562192,1.74064
3.82509,1.10335,4.78125313283208,1.40955,4.78125313283208,1.33076,9.916335789247258,1.7148,9.633387344335627,1.74755,9.581525896627031,1.79205,12.320636062721775,1.5783,10.057048503428733,1.62727,9.64215692175997,1.74413
3.85513,1.1055,4.8188220551378445,1.41272,4.8188220551378445,1.33394,9.986942236618823,1.71818,9.707923631219854,1.75104,9.6567824813961,1.79547,12.35784945073953,1.57998,10.12570060754778,1.6305,9.716571408957748,1.74765
3.88517,1.10764,4.856390977443609,1.41592,4.856390977443609,1.33716,10.057548683990388,1.72149,9.782459918104081,1.7545,9.732039066165168,1.79887,12.395062838757282,1.58158,10.194352711666825,1.63366,9.790985896155526,1.7511
3.91521,1.10977,4.893959899749373,1.41906,4.893959899749373,1.34031,10.128155131361956,1.72479,9.85699620498831,1.75794,9.807295650934238,1.80219,12.432276226775034,1.58318,10.26300481578587,1.63686,9.865400383353304,1.75453
3.94525,1.11188,4.931528822055138,1.42218,4.931528822055138,1.34349,10.19876157873352,1.72807,9.931532491872536,1.76136,9.882552235703306,1.80553,12.469489614792789,1.58485,10.331656919904916,1.64004,9.939814870551082,1.75794
3.97529,1.11397,4.969097744360902,1.42528,4.969097744360902,1.34661,10.269368026105086,1.73133,10.006068778756763,1.76476,9.957808820472376,1.80886,12.506703002810541,1.58644,10.400309024023962,1.64321,10.01422935774886,1.76132
4.00533,1.11606,5.006666666666667,1.42832,5.006666666666667,1.34977,10.339974473476653,1.73458,10.080605065640992,1.76814,10.033065405241445,1.81216,12.543916390828294,1.58803,10.468961128143006,1.64631,10.088643844946638,1.76469
4.03537,1.11813,5.044235588972431,1.43139,5.044235588972431,1.35286,10.410580920848219,1.73775,10.155141352525218,1.7715,10.108321990010513,1.81539,12.581129778846048,1.58969,10.537613232262052,1.64946,10.163058332144416,1.76803
4.06541,1.12019,5.081804511278196,1.43444,5.081804511278196,1.35599,10.481187368219784,1.74097,10.229677639409447,1.77479,10.183578574779583,1.81865,12.6183431668638,1.59128,10.606265336381096,1.65253,10.237472819342194,1.77136
4.09545,1.12223,5.119373433583959,1.43748,5.119373433583959,1.35905,10.55179381559135,1.74411,10.304213926293674,1.77811,10.258835159548651,1.82184,12.655556554881553,1.59286,10.674917440500142,1.65558,10.311887306539973,1.77467
4.12549,1.12426,5.156942355889724,1.44045,5.156942355889724,1.36209,10.622400262962916,1.74729,10.3787502131779,1.78141,10.334091744317721,1.82505,12.692769942899307,1.59443,10.743569544619188,1.65868,10.38630179373775,1.77795
4.15553,1.12628,5.194511278195488,1.44345,5.194511278195488,1.36518,10.693006710334481,1.7504,10.453286500062129,1.78464,10.40934832908679,1.82825,12.72998333091706,1.59609,10.812221648738232,1.66171,10.460716280935529,1.78117
4.18557,1.12829,5.232080200501253,1.4464,5.232080200501253,1.3682,10.763613157706049,1.75356,10.527822786946356,1.7879,10.48460491385586,1.83137,12.767196718934812,1.59766,10.880873752857278,1.66473,10.535130768133307,1.78442
4.21561,1.13029,5.269649122807017,1.44937,5.269649122807017,1.3712,10.834219605077614,1.75664,10.602359073830582,1.79109,10.559861498624928,1.83453,12.804410106952567,1.59923,10.949525856976324,1.66774,10.609545255331085,1.78765
4.24565,1.13227,5.307218045112782,1.45228,5.307218045112782,1.37419,10.90482605244918,1.7597,10.676895360714811,1.79426,10.635118083393996,1.83761,12.84162349497032,1.60079,11.018177961095368,1.67073,10.683959742528863,1.79081
4.27569,1.13424,5.344786967418546,1.45523,5.344786967418546,1.37717,10.975432499820746,1.76276,10.751431647599038,1.79747,10.710374668163066,1.84072,12.878836882988072,1.60236,11.086830065214414,1.6737,10.758374229726641,1.79395
4.30573,1.1362,5.382355889724311,1.45811,5.382355889724311,1.38013,11.046038947192311,1.76579,10.825967934483266,1.80061,10.785631252932134,1.84377,12.916050271005826,1.60392,11.15548216933346,1.67661,10.83278871692442,1.79713
4.33577,1.13814,5.419924812030075,1.46098,5.419924812030075,1.38309,11.116645394563877,1.76882,10.900504221367493,1.80373,10.860887837701204,1.84684,12.953263659023577,1.60548,11.224134273452504,1.67956,10.907203204122197,1.80024
4.36581,1.14008,5.45749373433584,1.46383,5.45749373433584,1.38603,11.187251841935444,1.77183,10.97504050825172,1.80683,10.936144422470273,1.84985,12.990477047041331,1.60703,11.29278637757155,1.6825,10.981617691319975,1.80333
4.39585,1.142,5.495062656641604,1.46667,5.495062656641604,1.38895,11.25785828930701,1.77482,11.049576795135948,1.80991,11.011401007239341,1.85288,13.027690435059085,1.60858,11.361438481690596,1.68537,11.056032178517754,1.80645
4.42589,1.14391,5.532631578947369,1.46949,5.532631578947369,1.39186,11.328464736678574,1.77775,11.124113082020175,1.81298,11.086657592008411,1.85585,13.064903823076836,1.61013,11.43009058580964,1.68829,11.130446665715532,1.80951
4.45593,1.14582,5.570200501253133,1.4723,5.570200501253133,1.39476,11.399071184050142,1.78071,11.198649368904402,1.81603,11.16191417677748,1.8588,13.10211721109459,1.61168,11.498742689928687,1.69113,11.20486115291331,1.81255
4.48597,1.14771,5.6077694235588975,1.4751,5.6077694235588975,1.39765,11.469677631421707,1.78367,11.27318565578863,1.81906,11.23717076154655,1.86178,13.139330599112345,1.61323,11.56739479404773,1.69403,11.279275640111088,1.81557
4.51601,1.14959,5.645338345864661,1.47788,5.645338345864661,1.40053,11.540284078793272,1.78655,11.347721942672857,1.82208,11.312427346315618,1.8647,13.176543987130096,1.61477,11.636046898166777,1.69685,11.353690127308866,1.81858
4.54605,1.15145,5.682907268170426,1.48065,5.682907268170426,1.40339,11.61089052616484,1.78948,11.422258229557084,1.82508,11.387683931084688,1.86759,13.21375737514785,1.61623,11.704699002285823,1.69966,11.428104614506644,1.82157
4.57609,1.15331,5.72047619047619,1.48341,5.72047619047619,1.40625,11.681496973536404,1.79233,11.496794516441312,1.82807,11.462940515853756,1.87052,13.250970763165604,1.61777,11.773351106404867,1.70246,11.502519101704422,1.82454
4.60613,1.15516,5.7580451127819545,1.48615,5.7580451127819545,1.40903,11.75210342090797,1.79518,11.571330803325539,1.83104,11.538197100622824,1.87338,13.288184151183355,1.6193,11.842003210523913,1.7053,11.5769335889022,1.8275
4.63617,1.157,5.795614035087719,1.48888,5.795614035087719,1.41186,11.822709868279537,1.79801,11.645867090209768,1.83394,11.613453685391894,1.87622,13.32539753920111,1.62083,11.910655314642959,1.70808,11.651348076099978,1.83039
4.66621,1.15882,5.8331829573934835,1.49155,5.8331829573934835,1.41468,11.893316315651102,1.80088,11.720403377093994,1.83687,11.688710270160962,1.8791,13.362610927218864,1.62236,11.979307418762003,1.71084,11.725762563297756,1.83331
4.69625,1.16064,5.870751879699248,1.49426,5.870751879699248,1.41743,11.963922763022667,1.80369,11.794939663978221,1.8398,11.763966854930032,1.88191,13.399824315236614,1.62381,12.04795952288105,1.7136,11.800177050495535,1.83622
4.72629,1.16245,5.908320802005012,1.49695,5.908320802005012,1.42023,12.034529210394235,1.80648,11.86947595086245,1.84265,11.8392234396991,1.8847,13.437037703254369,1.62534,12.116611627000095,1.71628,11.874591537693313,1.83912
4.75633,1.16424,5.945889724310777,1.49958,5.945889724310777,1.42301,12.1051356577658,1.80926,11.944012237746676,1.84554,11.914480024468169,1.88753,13.474251091272123,1.62686,12.18526373111914,1.71901,11.94900602489109,1.84195
4.78637,1.16603,5.983458646616541,1.50225,5.983458646616541,1.42573,12.175742105137365,1.81203,12.018548524630903,1.84836,11.989736609237239,1.89029,13.511464479289874,1.6283,12.253915835238185,1.72173,12.023420512088869,1.84481
4.81641,1.16781,6.021027568922306,1.50486,6.021027568922306,1.42849,12.24634855250893,1.81479,12.093084811515132,1.85123,12.064993194006307,1.89303,13.548677867307628,1.62982,12.32256793935723,1.72444,12.09783499928665,1.84761
4.84645,1.16957,6.05859649122807,1.50745,6.05859649122807,1.43119,12.316954999880497,1.81747,12.167621098399358,1.85402,12.140249778775377,1.89576,13.585891255325382,1.63133,12.391220043476276,1.72708,12.172249486484429,1.85045
4.87649,1.17133,6.096165413533835,1.51008,6.096165413533835,1.43393,12.387561447252063,1.8202,12.242157385283585,1.8568,12.215506363544446,1.89847,13.623104643343133,1.63277,12.459872147595322,1.72977,12.246663973682207,1.85322
4.90653,1.17308,6.133734335839599,1.51265,6.133734335839599,1.43661,12.458167894623628,1.82292,12.316693672167814,1.85962,12.290762948313514,1.90122,13.660318031360887,1.63428,12.528524251714366,1.73245,12.321078460879985,1.85603
4.93657,1.17482,6.171303258145363,1.51526,6.171303258145363,1.43927,12.528774341995195,1.82558,12.39122995905204,1.86237,12.366019533082584,1.9039,13.697531419378642,1.63571,12.597176355833412,1.73506,12.395492948077763,1.85877
4.96661,1.17655,6.208872180451127,1.51781,6.208872180451127,1.44198,12.59938078936676,1.82827,12.465766245936269,1.8651,12.441276117851652,1.90657,13.734744807396392,1.63721,12.665828459952458,1.73765,12.469907435275541,1.86149
4.99665,1.17827,6.246441102756892,1.52034,6.246441102756892,1.44463,12.669987236738326,1.83096,12.540302532820496,1.86783,12.516532702620722,1.90922,13.771958195414147,1.63864,12.734480564071502,1.7403,12.54432192247332,1.86426
5.02669,1.17998,6.284010025062656,1.52287,6.284010025062656,1.44726,12.740593684109893,1.83358,12.614838819704723,1.87054,12.59178928738979,1.91185,13.809171583431901,1.64014,12.803132668190548,1.74288,12.618736409671097,1.86696
5.05673,1.18169,6.321578947368421,1.52538,6.321578947368421,1.44994,12.811200131481458,1.83618,12.689375106588951,1.87323,12.66704587215886,1.91447,13.846384971449652,1.64156,12.871784772309594,1.74545,12.693150896868875,1.86965
5.08677,1.18338,6.359147869674185,1.52789,6.359147869674185,1.45256,12.881806578853023,1.83883,12.763911393473178,1.87597,12.742302456927929,1.91708,13.883598359467406,1.64305,12.940436876428638,1.74807,12.767565384066653,1.87232
5.11681,1.18507,6.39671679197995,1.53042,6.39671679197995,1.45516,12.95241302622459,1.84142,12.838447680357405,1.87864,12.817559041696997,1.91973,13.92081174748516,1.64447,13.009088980547684,1.75062,12.841979871264432,1.87498
5.14685,1.18674,6.434285714285714,1.53291,6.434285714285714,1.45776,13.023019473596156,1.84399,12.912983967241633,1.88129,12.892815626466067,1.92231,13.958025135502911,1.64588,13.07774108466673,1.75315,12.91639435846221,1.87768
5.17689,1.18841,6.471854636591479,1.53538,6.471854636591479,1.46034,13.093625920967721,1.84661,12.98752025412586,1.88393,12.968072211235135,1.92487,13.995238523520666,1.64737,13.146393188785774,1.75568,12.990808845659988,1.88031
5.20693,1.19007,6.509423558897243,1.53779,6.509423558897243,1.46292,13.164232368339288,1.84916,13.062056541010088,1.88651,13.043328796004205,1.92742,14.03245191153842,1.64878,13.21504529290482,1.7582,13.065223332857766,1.88293
5.23697,1.19172,6.546992481203008,1.54023,6.546992481203008,1.46554,13.234838815710853,1.8517,13.136592827894315,1.88913,13.118585380773274,1.92996,14.06966529955617,1.65026,13.283697397023865,1.76071,13.139637820055544,1.88554
5.26701,1.19337,6.584561403508772,1.54267,6.584561403508772,1.4681,13.305445263082419,1.85423,13.211129114778542,1.89173,13.193841965542342,1.93248,14.106878687573925,1.65167,13.35234950114291,1.76322,13.214052307253322,1.88813
5.29705,1.195,6.6221303258145365,1.5451,6.6221303258145365,1.47065,13.376051710453986,1.85675,13.28566540166277,1.89432,13.269098550311412,1.93499,14.14409207559168,1.65307,13.421001605261957,1.76571,13.2884667944511,1.89072
5.32709,1.19663,6.659699248120301,1.54752,6.659699248120301,1.47319,13.446658157825551,1.85925,13.360201688546997,1.8969,13.34435513508048,1.93748,14.18130546360943,1.65447,13.489653709381,1.76819,13.362881281648878,1.89323
5.35713,1.19825,6.697268170426065,1.54992,6.697268170426065,1.47572,13.517264605197116,1.86175,13.434737975431224,1.89947,13.41961171984955,1.93997,14.218518851627184,1.65594,13.558305813500047,1.7706,13.437295768846656,1.89579
5.38717,1.19986,6.734837092731829,1.55232,6.734837092731829,1.47818,13.587871052568683,1.86424,13.509274262315452,1.90197,13.494868304618619,1.94244,14.255732239644937,1.65734,13.626957917619093,1.77307,13.511710256044434,1.89834
5.41721,1.20146,6.7724060150375935,1.55466,6.7724060150375935,1.4807,13.658477499940249,1.86672,13.58381054919968,1.90451,13.570124889387689,1.94489,14.29294562766269,1.65873,13.695610021738137,1.77552,13.586124743242213,1.90087
5.44725,1.20306,6.809974937343358,1.55704,6.809974937343358,1.4832,13.729083947311814,1.86913,13.658346836083906,1.90704,13.645381474156757,1.94734,14.330159015680444,1.66012,13.764262125857183,1.77791,13.66053923043999,1.9034
5.47729,1.20464,6.8475438596491225,1.5594,6.8475438596491225,1.48569,13.799690394683381,1.87159,13.732883122968135,1.90951,13.720638058925825,1.94977,14.367372403698196,1.66151,13.832914229976229,1.78035,13.734953717637769,1.90585
5.50733,1.20622,6.885112781954887,1.56171,6.885112781954887,1.48818,13.870296842054946,1.87404,13.807419409852361,1.91202,13.795894643694895,1.95219,14.404585791715949,1.66297,13.901566334095273,1.78272,13.809368204835547,1.90835
5.53737,1.2078,6.922681704260651,1.56406,6.922681704260651,1.49066,13.940903289426512,1.87642,13.88195569673659,1.91446,13.871151228463964,1.95459,14.441799179733703,1.66436,13.970218438214319,1.78514,13.883782692033325,1.91084
5.56741,1.20936,6.960250626566416,1.56635,6.960250626566416,1.49307,14.011509736798079,1.87885,13.956491983620817,1.91694,13.946407813233034,1.95699,14.479012567751456,1.66574,14.038870542333365,1.78749,13.958197179231103,1.91326
5.59745,1.21092,6.99781954887218,1.56868,6.99781954887218,1.49553,14.082116184169644,1.88126,14.031028270505043,1.91936,14.021664398002102,1.95937,14.516225955769208,1.66712,14.10752264645241,1.7899,14.032611666428881,1.91572
5.62749,1.21247,7.035388471177945,1.57095,7.035388471177945,1.49798,14.15272263154121,1.88362,14.105564557389272,1.92182,14.09692098277117,1.96174,14.553439343786962,1.6685,14.176174750571455,1.79223,14.10702615362666,1.91818
5.65754,1.21401,7.072957393483709,1.57326,7.072957393483709,1.50037,14.223329078912776,1.88602,14.180100844273499,1.92422,14.17217756754024,1.9641,14.590652731804715,1.66987,14.2448268546905,1.79456,14.181440640824437,1.92057
5.68758,1.21555,7.110526315789474,1.57551,7.110526315789474,1.50281,14.293935526284342,1.88835,14.254637131157725,1.92666,14.247434152309308,1.96644,14.627866119822468,1.67125,14.313478958809545,1.79694,14.255855128022215,1.923
5.71762,1.21708,7.148095238095238,1.5778,7.148095238095238,1.50523,14.364541973655907,1.89073,14.329173418041954,1.92903,14.322690737078378,1.96878,14.665079507840222,1.67262,14.382131062928591,1.79925,14.330269615219994,1.92536
5.74766,1.2186,7.185664160401003,1.58004,7.185664160401003,1.5076,14.435148421027474,1.89305,14.40370970492618,1.93145,14.397947321847447,1.97104,14.702292895857974,1.67399,14.450783167047636,1.80155,14.404684102417772,1.92778
5.7777,1.22011,7.223233082706766,1.58226,7.223233082706766,1.51001,14.50575486839904,1.89535,14.478245991810407,1.9338,14.473203906616517,1.97335,14.739506283875727,1.67535,14.519435271166682,1.80385,14.47909858961555,1.93012
5.80774,1.22162,7.260802005012531,1.58453,7.260802005012531,1.51236,14.576361315770605,1.89771,14.552782278694636,1.93614,14.548460491385585,1.97565,14.776719671893481,1.67672,14.588087375285728,1.80613,14.553513076813328,1.93245
5.83778,1.22312,7.298370927318295,1.58673,7.298370927318295,1.51475,14.646967763142172,1.89999,14.627318565578863,1.93853,14.623717076154653,1.97794,14.813933059911234,1.67808,14.656739479404772,1.80841,14.627927564011106,1.93483
5.86782,1.22462,7.33593984962406,1.58893,7.33593984962406,1.51709,14.717574210513737,1.90227,14.701854852463091,1.94085,14.698973660923723,1.98022,14.851146447928986,1.67944,14.725391583523818,1.81068,14.702342051208884,1.93714
5.89786,1.2261,7.373508771929824,1.59112,7.373508771929824,1.51941,14.788180657885302,1.90454,14.776391139347318,1.94316,14.774230245692792,1.98249,14.88835983594674,1.6808,14.794043687642864,1.81294,14.776756538406662,1.9395
5.9279,1.22758,7.411077694235589,1.59335,7.411077694235589,1.52179,14.85878710525687,1.9068,14.850927426231545,1.94546,14.849486830461862,1.98474,14.925573223964493,1.68215,14.862695791761908,1.8152,14.85117102560444,1.9418
5.95794,1.22906,7.448646616541353,1.59553,7.448646616541353,1.5241,14.929393552628435,1.90906,14.925463713115773,1.94775,14.92474341523093,1.98698,14.962786611982246,1.68351,14.931347895880954,1.81745,14.925585512802218,1.94408
5.98798,1.23052,7.486215538847118,1.59769,7.486215538847118,1.52645,15.0,1.9113,15.0,1.95009,15.0,1.98916,15.0,1.68479,15.0,1.81969,15.0,1.94635
6.01802,1.23199,7.523784461152882,1.59985,7.523784461152882,1.52875,,,,,,,,,,,,
6.04806,1.23344,7.561353383458647,1.60199,7.561353383458647,1.53103,,,,,,,,,,,,
6.0781,1.23489,7.598922305764411,1.60413,7.598922305764411,1.53332,,,,,,,,,,,,
6.10814,1.23633,7.6364912280701756,1.60626,7.6364912280701756,1.53564,,,,,,,,,,,,
6.13818,1.23777,7.67406015037594,1.60839,7.67406015037594,1.53791,,,,,,,,,,,,
6.16822,1.23919,7.7116290726817045,1.6105,7.7116290726817045,1.54017,,,,,,,,,,,,
6.19826,1.24062,7.749197994987469,1.61261,7.749197994987469,1.54242,,,,,,,,,,,,
6.2283,1.24203,7.786766917293233,1.61471,7.786766917293233,1.54466,,,,,,,,,,,,
6.25834,1.24345,7.824335839598997,1.6168,7.824335839598997,1.5469,,,,,,,,,,,,
6.28838,1.24485,7.8619047619047615,1.61889,7.8619047619047615,1.54913,,,,,,,,,,,,
6.31842,1.24625,7.899473684210526,1.62096,7.899473684210526,1.55136,,,,,,,,,,,,
6.34846,1.24764,7.9370426065162905,1.62303,7.9370426065162905,1.55363,,,,,,,,,,,,
6.3785,1.24903,7.974611528822055,1.62509,7.974611528822055,1.55578,,,,,,,,,,,,
6.40854,1.25041,8.01218045112782,1.62709,8.01218045112782,1.55799,,,,,,,,,,,,
6.43858,1.25178,8.049749373433583,1.62914,8.049749373433583,1.56018,,,,,,,,,,,,
6.46862,1.25316,8.087318295739347,1.63118,8.087318295739347,1.56237,,,,,,,,,,,,
6.49866,1.25452,8.124887218045112,1.63321,8.124887218045112,1.56456,,,,,,,,,,,,
6.5287,1.25588,8.162456140350876,1.63518,8.162456140350876,1.56673,,,,,,,,,,,,
6.55874,1.25723,8.20002506265664,1.6372,8.20002506265664,1.5689,,,,,,,,,,,,
6.58878,1.25858,8.237593984962405,1.63921,8.237593984962405,1.57107,,,,,,,,,,,,
6.61882,1.25992,8.27516290726817,1.64116,8.27516290726817,1.57317,,,,,,,,,,,,
6.64886,1.26126,8.312731829573934,1.64316,8.312731829573934,1.57532,,,,,,,,,,,,
6.6789,1.26259,8.350300751879699,1.64515,8.350300751879699,1.57747,,,,,,,,,,,,
6.70894,1.26391,8.387869674185463,1.64708,8.387869674185463,1.57961,,,,,,,,,,,,
6.73898,1.26523,8.425438596491228,1.64905,8.425438596491228,1.58168,,,,,,,,,,,,
6.76902,1.26655,8.463007518796992,1.65097,8.463007518796992,1.58381,,,,,,,,,,,,
6.79906,1.26786,8.500576441102757,1.65293,8.500576441102757,1.58593,,,,,,,,,,,,
6.8291,1.26916,8.538145363408521,1.65484,8.538145363408521,1.58799,,,,,,,,,,,,
6.85914,1.27046,8.575714285714286,1.65679,8.575714285714286,1.5901,,,,,,,,,,,,
6.88918,1.27176,8.61328320802005,1.65868,8.61328320802005,1.59215,,,,,,,,,,,,
6.91922,1.27305,8.650852130325815,1.66061,8.650852130325815,1.59424,,,,,,,,,,,,
6.94926,1.27433,8.688421052631579,1.66249,8.688421052631579,1.59628,,,,,,,,,,,,
6.9793,1.27561,8.725989974937344,1.66441,8.725989974937344,1.59836,,,,,,,,,,,,
7.00934,1.27688,8.763558897243108,1.66628,8.763558897243108,1.60039,,,,,,,,,,,,
7.03938,1.27815,8.801127819548872,1.66813,8.801127819548872,1.60246,,,,,,,,,,,,
7.06942,1.27942,8.838696741854637,1.67004,8.838696741854637,1.60448,,,,,,,,,,,,
7.09946,1.28068,8.876265664160401,1.67188,8.876265664160401,1.60654,,,,,,,,,,,,
7.1295,1.28193,8.913834586466166,1.67372,8.913834586466166,1.60854,,,,,,,,,,,,
7.15954,1.28318,8.95140350877193,1.67561,8.95140350877193,1.61053,,,,,,,,,,,,
7.18958,1.28443,8.988972431077695,1.67743,8.988972431077695,1.61258,,,,,,,,,,,,
7.21962,1.28567,9.02654135338346,1.67925,9.02654135338346,1.61457,,,,,,,,,,,,
7.24966,1.28691,9.064110275689224,1.68107,9.064110275689224,1.61655,,,,,,,,,,,,
7.2797,1.28814,9.101679197994986,1.68293,9.101679197994986,1.61852,,,,,,,,,,,,
7.30974,1.28936,9.139248120300751,1.68473,9.139248120300751,1.62054,,,,,,,,,,,,
7.33978,1.29059,9.176817042606515,1.68653,9.176817042606515,1.62251,,,,,,,,,,,,
7.36982,1.2918,9.21438596491228,1.68832,9.21438596491228,1.62446,,,,,,,,,,,,
7.39986,1.29302,9.251954887218044,1.69011,9.251954887218044,1.62642,,,,,,,,,,,,
7.4299,1.29423,9.289523809523809,1.69194,9.289523809523809,1.62836,,,,,,,,,,,,
7.45994,1.29543,9.327092731829573,1.69371,9.327092731829573,1.63031,,,,,,,,,,,,
7.48998,1.29663,9.364661654135338,1.69548,9.364661654135338,1.63224,,,,,,,,,,,,
7.52002,1.29783,9.402230576441102,1.69724,9.402230576441102,1.63418,,,,,,,,,,,,
7.55006,1.29902,9.439799498746867,1.699,9.439799498746867,1.63616,,,,,,,,,,,,
7.5801,1.30021,9.477368421052631,1.70075,9.477368421052631,1.63808,,,,,,,,,,,,
7.61014,1.30139,9.514937343358396,1.7025,9.514937343358396,1.64,,,,,,,,,,,,
7.64018,1.30257,9.55250626566416,1.70424,9.55250626566416,1.64191,,,,,,,,,,,,
7.67022,1.30374,9.590075187969925,1.70597,9.590075187969925,1.64376,,,,,,,,,,,,
7.70026,1.30491,9.62764411027569,1.7077,9.62764411027569,1.64566,,,,,,,,,,,,
7.7303,1.30608,9.665213032581454,1.70942,9.665213032581454,1.64756,,,,,,,,,,,,
7.76034,1.30724,9.702781954887218,1.71114,9.702781954887218,1.64945,,,,,,,,,,,,
7.79038,1.3084,9.740350877192983,1.71285,9.740350877192983,1.65134,,,,,,,,,,,,
7.82042,1.30955,9.777919799498747,1.71456,9.777919799498747,1.65322,,,,,,,,,,,,
7.85046,1.3107,9.815488721804511,1.71626,9.815488721804511,1.6551,,,,,,,,,,,,
7.8805,1.31185,9.853057644110276,1.71796,9.853057644110276,1.65697,,,,,,,,,,,,
7.91054,1.31299,9.89062656641604,1.71965,9.89062656641604,1.65879,,,,,,,,,,,,
7.94058,1.31413,9.928195488721805,1.72129,9.928195488721805,1.66065,,,,,,,,,,,,
7.97062,1.31526,9.96576441102757,1.72297,9.96576441102757,1.66251,,,,,,,,,,,,
8.00066,1.31639,10.003333333333334,1.72465,10.003333333333334,1.66431,,,,,,,,,,,,
8.0307,1.31752,10.040902255639098,1.72632,10.040902255639098,1.66616,,,,,,,,,,,,
8.06074,1.31864,10.078471177944863,1.72798,10.078471177944863,1.668,,,,,,,,,,,,
8.09078,1.31976,10.116040100250627,1.72965,10.116040100250627,1.66985,,,,,,,,,,,,
8.12082,1.32087,10.153609022556392,1.73125,10.153609022556392,1.67163,,,,,,,,,,,,
8.15086,1.32198,10.191177944862154,1.7329,10.191177944862154,1.67346,,,,,,,,,,,,
8.1809,1.32309,10.228746867167919,1.73455,10.228746867167919,1.67523,,,,,,,,,,,,
8.21094,1.3242,10.266315789473683,1.73619,10.266315789473683,1.67705,,,,,,,,,,,,
8.24098,1.3253,10.303884711779448,1.73777,10.303884711779448,1.67882,,,,,,,,,,,,
8.27102,1.32639,10.341453634085212,1.73941,10.341453634085212,1.68063,,,,,,,,,,,,
8.30106,1.32748,10.379022556390977,1.74103,10.379022556390977,1.68238,,,,,,,,,,,,
8.3311,1.32857,10.416591478696741,1.74266,10.416591478696741,1.68419,,,,,,,,,,,,
8.36114,1.32966,10.454160401002506,1.74422,10.454160401002506,1.68594,,,,,,,,,,,,
8.39118,1.33074,10.49172932330827,1.74584,10.49172932330827,1.68773,,,,,,,,,,,,
8.42122,1.33182,10.529298245614035,1.74744,10.529298245614035,1.68947,,,,,,,,,,,,
8.45126,1.33289,10.5668671679198,1.749,10.5668671679198,1.69126,,,,,,,,,,,,
8.4813,1.33396,10.604436090225564,1.7506,10.604436090225564,1.69299,,,,,,,,,,,,
8.51134,1.33503,10.642005012531328,1.75214,10.642005012531328,1.69471,,,,,,,,,,,,
8.54138,1.3361,10.679573934837093,1.75373,10.679573934837093,1.69649,,,,,,,,,,,,
8.57142,1.33716,10.717142857142857,1.75531,10.717142857142857,1.69821,,,,,,,,,,,,
8.60146,1.33821,10.754711779448622,1.75684,10.754711779448622,1.69992,,,,,,,,,,,,
8.6315,1.33927,10.792280701754386,1.75842,10.792280701754386,1.70168,,,,,,,,,,,,
8.66154,1.34032,10.82984962406015,1.75994,10.82984962406015,1.70339,,,,,,,,,,,,
8.69158,1.34137,10.867418546365915,1.76151,10.867418546365915,1.70509,,,,,,,,,,,,
8.72162,1.34241,10.90498746867168,1.76302,10.90498746867168,1.70678,,,,,,,,,,,,
8.75166,1.34345,10.942556390977444,1.76458,10.942556390977444,1.70853,,,,,,,,,,,,
8.7817,1.34449,10.980125313283208,1.76613,10.980125313283208,1.71022,,,,,,,,,,,,
8.81174,1.34552,11.017694235588973,1.76763,11.017694235588973,1.7119,,,,,,,,,,,,
8.84178,1.34655,11.055263157894737,1.76918,11.055263157894737,1.71358,,,,,,,,,,,,
8.87182,1.34758,11.092832080200502,1.77067,11.092832080200502,1.71526,,,,,,,,,,,,
8.90186,1.3486,11.130401002506266,1.77215,11.130401002506266,1.71693,,,,,,,,,,,,
8.9319,1.34962,11.16796992481203,1.77368,11.16796992481203,1.71866,,,,,,,,,,,,
8.96194,1.35064,11.205538847117795,1.77516,11.205538847117795,1.72032,,,,,,,,,,,,
8.99198,1.35166,11.243107769423558,1.77669,11.243107769423558,1.72199,,,,,,,,,,,,
9.02202,1.35267,11.280676691729322,1.77815,11.280676691729322,1.72364,,,,,,,,,,,,
9.05206,1.35368,11.318245614035087,1.77967,11.318245614035087,1.7253,,,,,,,,,,,,
9.0821,1.35468,11.355814536340851,1.78113,11.355814536340851,1.72695,,,,,,,,,,,,
9.11214,1.35568,11.393383458646616,1.78259,11.393383458646616,1.72859,,,,,,,,,,,,
9.14218,1.35668,11.43095238095238,1.78409,11.43095238095238,1.73024,,,,,,,,,,,,
9.17222,1.35768,11.468521303258145,1.78554,11.468521303258145,1.73188,,,,,,,,,,,,
9.20226,1.35867,11.50609022556391,1.78704,11.50609022556391,1.73351,,,,,,,,,,,,
9.2323,1.35966,11.543659147869674,1.78848,11.543659147869674,1.73509,,,,,,,,,,,,
9.26234,1.36065,11.581228070175438,1.78991,11.581228070175438,1.73671,,,,,,,,,,,,
9.29238,1.36163,11.618796992481203,1.7914,11.618796992481203,1.73834,,,,,,,,,,,,
9.32242,1.36262,11.656365914786967,1.79283,11.656365914786967,1.73996,,,,,,,,,,,,
9.35246,1.36359,11.693934837092732,1.79425,11.693934837092732,1.74158,,,,,,,,,,,,
9.38251,1.36457,11.731503759398496,1.79573,11.731503759398496,1.74319,,,,,,,,,,,,
9.41255,1.36554,11.76907268170426,1.79714,11.76907268170426,1.7448,,,,,,,,,,,,
9.44259,1.36651,11.806641604010025,1.79855,11.806641604010025,1.74635,,,,,,,,,,,,
9.47263,1.36748,11.84421052631579,1.79996,11.84421052631579,1.74796,,,,,,,,,,,,
9.50267,1.36844,11.881779448621554,1.80142,11.881779448621554,1.74956,,,,,,,,,,,,
9.53271,1.3694,11.919348370927318,1.80282,11.919348370927318,1.75116,,,,,,,,,,,,
9.56275,1.37036,11.956917293233083,1.80422,11.956917293233083,1.75269,,,,,,,,,,,,
9.59279,1.37132,11.994486215538847,1.80561,11.994486215538847,1.75428,,,,,,,,,,,,
9.62283,1.37227,12.032055137844612,1.80706,12.032055137844612,1.75587,,,,,,,,,,,,
9.65287,1.37322,12.069624060150376,1.80845,12.069624060150376,1.75739,,,,,,,,,,,,
9.68291,1.37417,12.10719298245614,1.80983,12.10719298245614,1.75898,,,,,,,,,,,,
9.71295,1.37511,12.144761904761905,1.81121,12.144761904761905,1.76055,,,,,,,,,,,,
9.74299,1.37605,12.18233082706767,1.81258,12.18233082706767,1.76207,,,,,,,,,,,,
9.77303,1.37699,12.219899749373434,1.81401,12.219899749373434,1.76364,,,,,,,,,,,,
9.80307,1.37793,12.257468671679199,1.81538,12.257468671679199,1.76515,,,,,,,,,,,,
9.83311,1.37886,12.295037593984963,1.81674,12.295037593984963,1.76671,,,,,,,,,,,,
9.86315,1.37979,12.332606516290726,1.8181,12.332606516290726,1.76827,,,,,,,,,,,,
9.89319,1.38072,12.37017543859649,1.81946,12.37017543859649,1.76977,,,,,,,,,,,,
9.92323,1.38164,12.407744360902255,1.82082,12.407744360902255,1.77133,,,,,,,,,,,,
9.95327,1.38257,12.44531328320802,1.82222,12.44531328320802,1.77282,,,,,,,,,,,,
9.98331,1.38349,12.482882205513784,1.82357,12.482882205513784,1.77437,,,,,,,,,,,,
10.0133,1.38441,12.520451127819548,1.82491,12.520451127819548,1.77586,,,,,,,,,,,,
10.0434,1.38532,12.558020050125313,1.82625,12.558020050125313,1.7774,,,,,,,,,,,,
10.0734,1.38623,12.595588972431077,1.82759,12.595588972431077,1.77888,,,,,,,,,,,,
10.1035,1.38714,12.633157894736842,1.82893,12.633157894736842,1.78036,,,,,,,,,,,,
10.1335,1.38805,12.670726817042606,1.83026,12.670726817042606,1.78189,,,,,,,,,,,,
10.1635,1.38896,12.70829573934837,1.83158,12.70829573934837,1.78336,,,,,,,,,,,,
10.1936,1.38986,12.745864661654135,1.83291,12.745864661654135,1.78489,,,,,,,,,,,,
10.2236,1.39076,12.7834335839599,1.83423,12.7834335839599,1.78636,,,,,,,,,,,,
10.2537,1.39165,12.821002506265664,1.83554,12.821002506265664,1.78782,,,,,,,,,,,,
10.2837,1.39255,12.858571428571429,1.83686,12.858571428571429,1.78934,,,,,,,,,,,,
10.3137,1.39344,12.896140350877193,1.83817,12.896140350877193,1.79079,,,,,,,,,,,,
10.3438,1.39433,12.933709273182957,1.83948,12.933709273182957,1.79225,,,,,,,,,,,,
10.3738,1.39522,12.971278195488722,1.84078,12.971278195488722,1.7937,,,,,,,,,,,,
10.4039,1.3961,13.008847117794486,1.84208,13.008847117794486,1.7952,,,,,,,,,,,,
10.4339,1.39699,13.046416040100251,1.84338,13.046416040100251,1.79665,,,,,,,,,,,,
10.4639,1.39787,13.083984962406015,1.84467,13.083984962406015,1.79809,,,,,,,,,,,,
10.494,1.39875,13.12155388471178,1.84596,13.12155388471178,1.79953,,,,,,,,,,,,
10.524,1.39962,13.159122807017544,1.84725,13.159122807017544,1.80103,,,,,,,,,,,,
10.5541,1.40049,13.196691729323309,1.84854,13.196691729323309,1.80246,,,,,,,,,,,,
10.5841,1.40136,13.234260651629073,1.84982,13.234260651629073,1.80389,,,,,,,,,,,,
10.6141,1.40223,13.271829573934838,1.8511,13.271829573934838,1.80532,,,,,,,,,,,,
10.6442,1.4031,13.309398496240602,1.85237,13.309398496240602,1.80674,,,,,,,,,,,,
10.6742,1.40396,13.346967418546367,1.85365,13.346967418546367,1.80817,,,,,,,,,,,,
10.7043,1.40482,13.38453634085213,1.85492,13.38453634085213,1.80958,,,,,,,,,,,,
10.7343,1.40568,13.422105263157894,1.85618,13.422105263157894,1.81106,,,,,,,,,,,,
10.7643,1.40654,13.459674185463658,1.85745,13.459674185463658,1.81247,,,,,,,,,,,,
10.7944,1.4074,13.497243107769423,1.85871,13.497243107769423,1.81388,,,,,,,,,,,,
10.8244,1.40825,13.534812030075187,1.85997,13.534812030075187,1.81529,,,,,,,,,,,,
10.8545,1.4091,13.572380952380952,1.86122,13.572380952380952,1.8167,,,,,,,,,,,,
10.8845,1.40995,13.609949874686716,1.86242,13.609949874686716,1.8181,,,,,,,,,,,,
10.9145,1.41079,13.64751879699248,1.86366,13.64751879699248,1.8195,,,,,,,,,,,,
10.9446,1.41164,13.685087719298245,1.86491,13.685087719298245,1.8209,,,,,,,,,,,,
10.9746,1.41248,13.72265664160401,1.86615,13.72265664160401,1.8223,,,,,,,,,,,,
11.0047,1.41332,13.760225563909774,1.86739,13.760225563909774,1.82369,,,,,,,,,,,,
11.0347,1.41415,13.797794486215539,1.86863,13.797794486215539,1.82508,,,,,,,,,,,,
11.0647,1.41499,13.835363408521303,1.86987,13.835363408521303,1.82646,,,,,,,,,,,,
11.0948,1.41582,13.872932330827068,1.8711,13.872932330827068,1.82779,,,,,,,,,,,,
11.1248,1.41665,13.910501253132832,1.87227,13.910501253132832,1.82917,,,,,,,,,,,,
11.1549,1.41748,13.948070175438597,1.8735,13.948070175438597,1.83055,,,,,,,,,,,,
11.1849,1.41831,13.985639097744361,1.87472,13.985639097744361,1.83193,,,,,,,,,,,,
11.2149,1.41913,14.023208020050125,1.87594,14.023208020050125,1.8333,,,,,,,,,,,,
11.245,1.41995,14.06077694235589,1.87716,14.06077694235589,1.83467,,,,,,,,,,,,
11.275,1.42077,14.098345864661654,1.87831,14.098345864661654,1.83604,,,,,,,,,,,,
11.3051,1.42159,14.135914786967419,1.87953,14.135914786967419,1.83735,,,,,,,,,,,,
11.3351,1.4224,14.173483709273183,1.88074,14.173483709273183,1.83871,,,,,,,,,,,,
11.3652,1.42322,14.211052631578948,1.88194,14.211052631578948,1.84008,,,,,,,,,,,,
11.3952,1.42403,14.248621553884712,1.88315,14.248621553884712,1.84143,,,,,,,,,,,,
11.4252,1.42484,14.286190476190477,1.88429,14.286190476190477,1.84279,,,,,,,,,,,,
11.4553,1.42565,14.323759398496241,1.88549,14.323759398496241,1.84409,,,,,,,,,,,,
11.4853,1.42645,14.361328320802006,1.88669,14.361328320802006,1.84544,,,,,,,,,,,,
11.5154,1.42726,14.39889724310777,1.88788,14.39889724310777,1.84679,,,,,,,,,,,,
11.5454,1.42806,14.436466165413533,1.88901,14.436466165413533,1.84807,,,,,,,,,,,,
11.5754,1.42886,14.474035087719297,1.8902,14.474035087719297,1.84942,,,,,,,,,,,,
11.6055,1.42965,14.511604010025062,1.89138,14.511604010025062,1.85076,,,,,,,,,,,,
11.6355,1.43045,14.549172932330826,1.89251,14.549172932330826,1.85204,,,,,,,,,,,,
11.6656,1.43124,14.58674185463659,1.89369,14.58674185463659,1.85338,,,,,,,,,,,,
11.6956,1.43203,14.624310776942355,1.89487,14.624310776942355,1.85471,,,,,,,,,,,,
11.7256,1.43282,14.66187969924812,1.89604,14.66187969924812,1.85599,,,,,,,,,,,,
11.7557,1.43361,14.699448621553884,1.89716,14.699448621553884,1.85732,,,,,,,,,,,,
11.7857,1.4344,14.737017543859649,1.89833,14.737017543859649,1.85864,,,,,,,,,,,,
11.8158,1.43518,14.774586466165413,1.89949,14.774586466165413,1.85991,,,,,,,,,,,,
11.8458,1.43596,14.812155388471178,1.9006,14.812155388471178,1.86123,,,,,,,,,,,,
11.8758,1.43674,14.849724310776942,1.90176,14.849724310776942,1.86249,,,,,,,,,,,,
11.9059,1.43752,14.887293233082707,1.90292,14.887293233082707,1.86381,,,,,,,,,,,,
11.9359,1.4383,14.924862155388471,1.90402,14.924862155388471,1.86507,,,,,,,,,,,,
11.966,1.43907,14.962431077694236,1.90518,14.962431077694236,1.86638,,,,,,,,,,,,
11.996,1.43984,15.0,1.90633,15.0,1.86763,,,,,,,,,,,,
12.026,1.44061,,,,,,,,,,,,,,,,
12.0561,1.44138,,,,,,,,,,,,,,,,
12.0861,1.44215,,,,,,,,,,,,,,,,
12.1162,1.44292,,,,,,,,,,,,,,,,
12.1462,1.44368,,,,,,,,,,,,,,,,
12.1762,1.44444,,,,,,,,,,,,,,,,
12.2063,1.4452,,,,,,,,,,,,,,,,
12.2363,1.44596,,,,,,,,,,,,,,,,
12.2664,1.44671,,,,,,,,,,,,,,,,
12.2964,1.44747,,,,,,,,,,,,,,,,
12.3264,1.44822,,,,,,,,,,,,,,,,
12.3565,1.44897,,,,,,,,,,,,,,,,
12.3865,1.44972,,,,,,,,,,,,,,,,
12.4166,1.45047,,,,,,,,,,,,,,,,
12.4466,1.45121,,,,,,,,,,,,,,,,
12.4766,1.45195,,,,,,,,,,,,,,,,
12.5067,1.4527,,,,,,,,,,,,,,,,
12.5367,1.45344,,,,,,,,,,,,,,,,
12.5668,1.45418,,,,,,,,,,,,,,,,
12.5968,1.45491,,,,,,,,,,,,,,,,
12.6268,1.45565,,,,,,,,,,,,,,,,
12.6569,1.45638,,,,,,,,,,,,,,,,
12.6869,1.45711,,,,,,,,,,,,,,,,
12.717,1.45784,,,,,,,,,,,,,,,,
12.747,1.45857,,,,,,,,,,,,,,,,
12.777,1.4593,,,,,,,,,,,,,,,,
12.8071,1.46002,,,,,,,,,,,,,,,,
12.8371,1.46074,,,,,,,,,,,,,,,,
12.8672,1.46147,,,,,,,,,,,,,,,,
12.8972,1.46219,,,,,,,,,,,,,,,,
12.9272,1.4629,,,,,,,,,,,,,,,,
12.9573,1.46362,,,,,,,,,,,,,,,,
12.9873,1.46434,,,,,,,,,,,,,,,,
13.0174,1.46505,,,,,,,,,,,,,,,,
13.0474,1.46576,,,,,,,,,,,,,,,,
13.0774,1.46647,,,,,,,,,,,,,,,,
13.1075,1.46718,,,,,,,,,,,,,,,,
13.1375,1.46789,,,,,,,,,,,,,,,,
13.1676,1.46859,,,,,,,,,,,,,,,,
13.1976,1.4693,,,,,,,,,,,,,,,,
13.2276,1.47,,,,,,,,,,,,,,,,
13.2577,1.4707,,,,,,,,,,,,,,,,
13.2877,1.4714,,,,,,,,,,,,,,,,
13.3178,1.4721,,,,,,,,,,,,,,,,
13.3478,1.47279,,,,,,,,,,,,,,,,
13.3778,1.47349,,,,,,,,,,,,,,,,
13.4079,1.47418,,,,,,,,,,,,,,,,
13.4379,1.47487,,,,,,,,,,,,,,,,
13.468,1.47556,,,,,,,,,,,,,,,,
13.498,1.47625,,,,,,,,,,,,,,,,
13.528,1.47694,,,,,,,,,,,,,,,,
13.5581,1.47762,,,,,,,,,,,,,,,,
13.5881,1.47831,,,,,,,,,,,,,,,,
13.6182,1.47899,,,,,,,,,,,,,,,,
13.6482,1.47967,,,,,,,,,,,,,,,,
13.6782,1.48035,,,,,,,,,,,,,,,,
13.7083,1.48103,,,,,,,,,,,,,,,,
13.7383,1.4817,,,,,,,,,,,,,,,,
13.7684,1.48238,,,,,,,,,,,,,,,,
13.7984,1.48305,,,,,,,,,,,,,,,,
13.8284,1.48372,,,,,,,,,,,,,,,,
13.8585,1.48439,,,,,,,,,,,,,,,,
13.8885,1.48506,,,,,,,,,,,,,,,,
13.9186,1.48573,,,,,,,,,,,,,,,,
13.9486,1.4864,,,,,,,,,,,,,,,,
13.9786,1.48706,,,,,,,,,,,,,,,,
14.0087,1.48773,,,,,,,,,,,,,,,,
14.0387,1.48839,,,,,,,,,,,,,,,,
14.0688,1.48905,,,,,,,,,,,,,,,,
14.0988,1.48971,,,,,,,,,,,,,,,,
14.1288,1.49037,,,,,,,,,,,,,,,,
14.1589,1.49102,,,,,,,,,,,,,,,,
14.1889,1.49168,,,,,,,,,,,,,,,,
14.219,1.49233,,,,,,,,,,,,,,,,
14.249,1.49298,,,,,,,,,,,,,,,,
14.279,1.49364,,,,,,,,,,,,,,,,
14.3091,1.49429,,,,,,,,,,,,,,,,
14.3391,1.49493,,,,,,,,,,,,,,,,
14.3692,1.49558,,,,,,,,,,,,,,,,
14.3992,1.49623,,,,,,,,,,,,,,,,
14.4292,1.49687,,,,,,,,,,,,,,,,
14.4593,1.49751,,,,,,,,,,,,,,,,
14.4893,1.49816,,,,,,,,,,,,,,,,
14.5194,1.4988,,,,,,,,,,,,,,,,
14.5494,1.49944,,,,,,,,,,,,,,,,
14.5794,1.50007,,,,,,,,,,,,,,,,
14.6095,1.50071,,,,,,,,,,,,,,,,
14.6395,1.50134,,,,,,,,,,,,,,,,
14.6696,1.50198,,,,,,,,,,,,,,,,
14.6996,1.50261,,,,,,,,,,,,,,,,
14.7296,1.50324,,,,,,,,,,,,,,,,
14.7597,1.50387,,,,,,,,,,,,,,,,
14.7897,1.5045,,,,,,,,,,,,,,,,
14.8198,1.50513,,,,,,,,,,,,,,,,
14.8498,1.50575,,,,,,,,,,,,,,,,
14.8798,1.50638,,,,,,,,,,,,,,,,
14.9099,1.507,,,,,,,,,,,,,,,,
14.9399,1.50763,,,,,,,,,,,,,,,,
14.97,1.50825,,,,,,,,,,,,,,,,
15.0,1.50887,,,,,,,,,,,,,,,,
